"alpha","kappa","delta","C0xi"
2.5,2.11615214936424,0.465399434975307,0.592676639706813
3,1.54503735724242,0.390417661163389,0.382101017457821
4,1.18642326000923,0.308467455375986,0.284744174628631
5,1.04935709201968,0.262717463645486,0.261961082364356
7,0.930991576717109,0.210870677049561,0.254625111308993
10,0.860051812333464,0.169981536146353,0.260044370020379
20,0.790298684307031,0.114164935654226,0.280984406499289
50,0.752918405754796,0.0663616602364737,0.310097542640924
NA,0.741301109252801,0,0.370650554626401
